Index,Link
1,https://www.tiktok.com/@nihaomrzhang/video/7019669631107353861?lang=en
2,https://www.tiktok.com/@youraveragetechbro/video/6966320252045069574?lang=en
3,https://www.tiktok.com/@android_infosecurity/video/7184800047832272133?lang=en
4,https://www.tiktok.com/@mrkkmmm/video/7118716168235437338?lang=en
5,https://www.tiktok.com/@x1m_1rk/video/7123351332668411141?lang=en
6,https://www.tiktok.com/@individualkex/video/7232043204047293742?lang=en
7,https://www.tiktok.com/@ricks.dev/video/7022391109095542062?lang=en
8,https://www.tiktok.com/@devslopes/video/7113394553880595758?lang=en
9,https://www.tiktok.com/@zalazarc20/video/7164243914369600773?lang=en
10,https://www.tiktok.com/@devzin.web/video/7207087509874953478?lang=en
11,https://www.tiktok.com/@devslopes/video/7178977707454418222?lang=en
12,https://www.tiktok.com/@devslopes/video/7182727669786627371?lang=en
13,https://www.tiktok.com/@shenda_soft/video/7227352262245436677?lang=en
14,https://www.tiktok.com/@gen_hugo/video/7128005719776972059?lang=en
15,https://www.tiktok.com/@billstanford6/video/7185326750736354606?lang=en
16,https://www.tiktok.com/@fascinating.fractals/video/7116889435970587910?lang=en
17,https://www.tiktok.com/@code.org/video/7223840250668338478?lang=en
18,https://www.tiktok.com/@pythonblyat5/video/7308096065662733600?lang=en
19,https://www.tiktok.com/@cosma_an/video/7046754704541650181?lang=en
20,https://www.tiktok.com/@shtunner/video/7343020334666272006?lang=en
21,https://www.tiktok.com/@ienriqueloper/video/7173695375210024197?lang=en
22,https://www.tiktok.com/@aivideolab/photo/7306592679750552875?lang=en
23,https://www.tiktok.com/@christian.tiktokshop/video/7217428445939174661?lang=en
24,https://www.tiktok.com/@deadboydetective/video/7369679705936612654?lang=en
25,https://www.tiktok.com/@misodope/video/6936679754309405958?lang=en
26,https://www.tiktok.com/@4k_dakoder/video/6985617329241459973?lang=en
27,https://www.tiktok.com/@leonsilicon/video/7353978601823358213?lang=en
28,https://www.tiktok.com/@indierich/video/6804055930745949446?lang=en
29,https://www.tiktok.com/@maykolmechanonline/video/7158225590414298373?lang=en
30,https://www.tiktok.com/@pinselscience/video/7253213279386979611?lang=en
31,https://www.tiktok.com/@lewismenelaws/video/7051654175536483590?lang=en
32,https://www.tiktok.com/@notbryankazaka/video/7081657213533670699?lang=en
33,https://www.tiktok.com/@andev.web/video/7292205929892728070?lang=en
34,https://www.tiktok.com/@wesley_kiang/video/7209458636979146030?lang=en
35,https://www.tiktok.com/@devxin2021/video/7075318489350737179?lang=en
36,https://www.tiktok.com/@coding_tips/video/7148439484500118789?lang=en
37,https://www.tiktok.com/@chinggisu_haan/video/7282076511706959134?lang=en
38,https://www.tiktok.com/@coding_tips/video/7118056686820134149?lang=en
39,https://www.tiktok.com/@misodope/video/7070000046019824939?lang=en
40,https://www.tiktok.com/@its_tilton/video/6970943416947461381?lang=en
41,https://www.tiktok.com/@timorchik/video/6994982283740499205?lang=en
42,https://www.tiktok.com/@janvinsha_/video/7322918614208662790?lang=en
43,https://www.tiktok.com/@migcastro/video/6808967444804144390?lang=en
44,https://www.tiktok.com/@corpo.memes/video/7197667407350041861?lang=en
45,https://www.tiktok.com/@art_inteligence/video/7040925853387197702?lang=en
46,https://www.tiktok.com/@techcringe/video/7145305814624914734?lang=en
47,https://www.tiktok.com/@its_tilton/video/6961980832252693766?lang=en
48,https://www.tiktok.com/@brites_laurx/video/7307054214310677766?lang=en
49,https://www.tiktok.com/@zippycode/video/6982603610043501830?lang=en
50,https://www.tiktok.com/@misodope/video/6907746134832303366?lang=en
51,https://www.tiktok.com/@itstundealao/video/7322924626311531808?lang=en
52,https://www.tiktok.com/@nickhoppingcomedy/video/7172995763058773290?lang=en
53,https://www.tiktok.com/@thepositivechance/video/7036476625176808709?lang=en
54,https://www.tiktok.com/@samueluyyt/video/7175123083257236762?lang=en
55,https://www.tiktok.com/@yoodatsfunny/video/7286413533363850528?lang=en
56,https://www.tiktok.com/@bailey_maynard/video/6944001926606425350?lang=en
57,https://www.tiktok.com/@mattupham/video/6864036468625575173?lang=en
58,https://www.tiktok.com/@jaykimchung/video/7271012581035281710?lang=en
59,https://www.tiktok.com/@misodope/video/6978974158092848389?lang=en
60,https://www.tiktok.com/@pikacodes/video/7289915246477692166?lang=en
61,https://www.tiktok.com/@jorgemartinez3624/video/7164167346980949253?lang=en
62,https://www.tiktok.com/@migcastro/video/6860660892179188997?lang=en
63,https://www.tiktok.com/@devslopes/video/7065006952048299311?lang=en
64,https://www.tiktok.com/@spicymchlcken/video/7315219670225784095?lang=en
65,https://www.tiktok.com/@kieranfreitag/video/6812636707230469381?lang=en
66,https://www.tiktok.com/@cedrick09009/video/7238119869349219589?lang=en
67,https://www.tiktok.com/@ravecodee/video/7322569913611209990?lang=en
68,https://www.tiktok.com/@leonsilicon/video/7350626104736025862?lang=en
69,https://www.tiktok.com/@devslopes/video/7228689902664256810?lang=en
70,https://www.tiktok.com/@hipotenuza1/video/7149511100764130561?lang=en
71,https://www.tiktok.com/@its_tilton/video/6994298773451197701?lang=en
72,https://www.tiktok.com/@engamirr/video/7270881211604651270?lang=en
73,https://www.tiktok.com/@gazi.ai/video/7200164679392496901?lang=en
74,https://www.tiktok.com/@soyzoeherrera/video/7339694137949637894?lang=en
75,https://www.tiktok.com/@enthus.io/video/6859305680793357574?lang=en
76,https://www.tiktok.com/@hit_the_tuan/video/7033674978511899905?lang=en
77,https://www.tiktok.com/@aivideolab/photo/7306389412449930539?lang=en
78,https://www.tiktok.com/@misodope/video/7140053618383883566?lang=en
79,https://www.tiktok.com/@huwprosser/video/6926638858922626309?lang=en
80,https://www.tiktok.com/@fascinating.fractals/video/7162517591280422149?lang=en
81,https://www.tiktok.com/@devdar_ia/video/7167077456132787462?lang=en
82,https://www.tiktok.com/@thephdstudent/video/7253124789403929882?lang=en
83,https://www.tiktok.com/@android_infosecurity/video/7183676672426659078?lang=en
84,https://www.tiktok.com/@x1m_1rk/video/7123274817767329030?lang=en
85,https://www.tiktok.com/@bifrostofficial/video/6957410600993492230?lang=en
86,https://www.tiktok.com/@interpreter.py/video/7083529697816038661?lang=en
87,https://www.tiktok.com/@andreea_lome/video/7089688652355308805?lang=en
88,https://www.tiktok.com/@sonia_shlahtiina/video/7268600797296921857?lang=en
89,https://www.tiktok.com/@delfiroo/video/7191203544320658693?lang=en
90,https://www.tiktok.com/@enginesoffury/video/7166503331014167813?lang=en
91,https://www.tiktok.com/@mulaicoding/video/7197685409634077994?lang=en
92,https://www.tiktok.com/@misodope/video/7170450836525550890?lang=en
93,https://www.tiktok.com/@karaokulta/video/7223505176743677190?lang=en
94,https://www.tiktok.com/@encodedmabel/video/7333709373283355910?lang=en
95,https://www.tiktok.com/@agenomicsphd/video/7234120460907154714?lang=en
96,https://www.tiktok.com/@jw_ai_art/video/6993198170402589957?lang=en
97,https://www.tiktok.com/@yucalasermid/video/6962721788316962053?lang=en
98,https://www.tiktok.com/@cocktailchemist/video/7186683776741821702?lang=en
99,https://www.tiktok.com/@deyc_andrv/video/7218630369279528198?lang=en
100,https://www.tiktok.com/@jomaoppa/video/7085420569780440366?lang=en
101,https://www.tiktok.com/@yoleendadong/video/6924526471725763845?lang=en
102,https://www.tiktok.com/@meshtimes/video/7131557633252805931?lang=en
103,https://www.tiktok.com/@.isatalks/video/7245129404676902190?lang=en
104,https://www.tiktok.com/@zero2sudo/video/7153496105462893866?lang=en
105,https://www.tiktok.com/@zyadcodes/video/7064270074206801199?lang=en
106,https://www.tiktok.com/@.isatalks/video/7256189692587052330?lang=en
107,https://www.tiktok.com/@techroastshow/video/7115494631848152363?lang=en
108,https://www.tiktok.com/@ranatechtok/video/7255136151164456234?lang=en
109,https://www.tiktok.com/@ranatechtok/video/7246462892709727534?lang=en
110,https://www.tiktok.com/@zero2sudo/video/7147090741620231467?lang=en
111,https://www.tiktok.com/@benchipman5/video/7106532853730643242?lang=en
112,https://www.tiktok.com/@zero2sudo/video/7141920056908320043?lang=en
113,https://www.tiktok.com/@zero2sudo/video/7144550739384487214?lang=en
114,https://www.tiktok.com/@zero2sudo/video/7188654746633342251?lang=en
115,https://www.tiktok.com/@moneyandmoxie/video/7042139305787264302?lang=en
116,https://www.tiktok.com/@techroastshow/video/7137905321120402730?lang=en
117,https://www.tiktok.com/@meshtimes/video/7225612341776354603?lang=en
118,https://www.tiktok.com/@zero2sudo/video/7147399283086757166?lang=en
119,https://www.tiktok.com/@zero2sudo/video/7154242400414846254?lang=en
120,https://www.tiktok.com/@zero2sudo/video/7151304039840468267?lang=en
121,https://www.tiktok.com/@ranatechtok/video/7245893713392700715?lang=en
122,https://www.tiktok.com/@.isatalks/video/7266924982792391982?lang=en
123,https://www.tiktok.com/@ranatechtok/video/7247138165625081131?lang=en
124,https://www.tiktok.com/@tife.tv/video/7096282774063172870?lang=en
125,https://www.tiktok.com/@zero2sudo/video/7210208216267951403?lang=en
126,https://www.tiktok.com/@moneyandmoxie/video/7056855684020817198?lang=en
127,https://www.tiktok.com/@maxfastfind/video/7188431524210035970?lang=en
128,https://www.tiktok.com/@larreth/video/7349117775228570886?lang=en
129,https://www.tiktok.com/@ranatechtok/video/7248838422289255726?lang=en
130,https://www.tiktok.com/@moneyandmoxie/video/7052512257380633903?lang=en
131,https://www.tiktok.com/@.isatalks/video/7256984613384375594?lang=en
132,https://www.tiktok.com/@joannaleachen/video/7106650754672250154?lang=en
133,https://www.tiktok.com/@.isatalks/video/7252081851165052203?lang=en
134,https://www.tiktok.com/@.isatalks/video/7252500548564290858?lang=en
135,https://www.tiktok.com/@teboo.dev/video/7319810960292646149?lang=en
136,https://www.tiktok.com/@techyelly/video/7242080527413447978?lang=en
137,https://www.tiktok.com/@.isatalks/video/7262171855975386414?lang=en
138,https://www.tiktok.com/@benchipman5/video/7107013603152284974?lang=en
139,https://www.tiktok.com/@techexploited/video/7323289725748497710?lang=en
140,https://www.tiktok.com/@.isatalks/video/7239813731570453803?lang=en
141,https://www.tiktok.com/@benchipman5/video/7104274214521261354?lang=en
142,https://www.tiktok.com/@.isatalks/video/7252135177751776558?lang=en
143,https://www.tiktok.com/@zero2sudo/video/7141669705261239598?lang=en
144,https://www.tiktok.com/@itsmaandah/video/7308553478069030190?lang=en
145,https://www.tiktok.com/@frankniu/video/7267710784090787078?lang=en
146,https://www.tiktok.com/@benchipman5/video/7104250535032704298?lang=en
147,https://www.tiktok.com/@workhap/video/7087809649822551338?lang=en
148,https://www.tiktok.com/@marytheanalyst/video/7345289913773903146?lang=en
149,https://www.tiktok.com/@boydclewis/video/7138867518751444270?lang=en
150,https://www.tiktok.com/@kimcasv/video/7322710265974312222?lang=en
151,https://www.tiktok.com/@engineering.lead/video/7218203536218131755?lang=en
152,https://www.tiktok.com/@mayawald/video/7345643726011632939?lang=en
153,https://www.tiktok.com/@chrisjr404/video/7199379961466080554?lang=en
154,https://www.tiktok.com/@chrisjr404/video/7260651546193513771?lang=en
155,https://www.tiktok.com/@the_realest_recruiter/video/7172360301109677355?lang=en
156,https://www.tiktok.com/@jordyymiles/video/7219386675334483246?lang=en
157,https://www.tiktok.com/@imelijahbutler/video/7181603768478518574?lang=en
158,https://www.tiktok.com/@workhap/video/7125716032920063274?lang=en
159,https://www.tiktok.com/@icathryn/video/6958996275014503685?lang=en
160,https://www.tiktok.com/@evelynjuarezofficial/video/7135567702965472558?lang=en
161,https://www.tiktok.com/@workhap/video/7124525432258678062?lang=en
162,https://www.tiktok.com/@degreefree/video/7220433526032731434?lang=en
163,https://www.tiktok.com/@imelijahbutler/video/7162019896761601322?lang=en
164,https://www.tiktok.com/@chrisjr404/video/7180454488979934506?lang=en
165,https://www.tiktok.com/@alexandros_mile_high/video/7010510354883071237?lang=en
166,https://www.tiktok.com/@nicknameswayne/video/7339403835779157279?lang=en
167,https://www.tiktok.com/@careerdivacoaching/video/7322853960853802283?lang=en
168,https://www.tiktok.com/@jamescybersecurity/video/7198234717844720942?lang=en
169,https://www.tiktok.com/@hannagetshired/video/7188899205056859434?lang=en
170,https://www.tiktok.com/@bonniedilber/video/7246605226764012843?lang=en
171,https://www.tiktok.com/@omarkattanjr/video/7171959430270045486?lang=en
172,https://www.tiktok.com/@workhap/video/7038946414730218798?lang=en
173,https://www.tiktok.com/@hannahwill3ams/video/7068636462568230187?lang=en
174,https://www.tiktok.com/@tapthescreeen/video/7091010598489558318?lang=en
175,https://www.tiktok.com/@attitudepr0blem/video/7193487965316893998?lang=en
176,https://www.tiktok.com/@hunterchristene/video/7194591130233802030?lang=en
177,https://www.tiktok.com/@alexandros_mile_high/video/7018404401597402373?lang=en
178,https://www.tiktok.com/@chrisjr404/video/7185321754024348970?lang=en
179,https://www.tiktok.com/@nyu_tandon/video/7371193879690743086?lang=en
180,https://www.tiktok.com/@imelijahbutler/video/7210554635638099243?lang=en
181,https://www.tiktok.com/@deffnotantt/video/7059133621914897710?lang=en
182,https://www.tiktok.com/@chrisjr404/video/7193115159957671210?lang=en
183,https://www.tiktok.com/@chrisjr404/video/7203505306226199854?lang=en
184,https://www.tiktok.com/@chrisjr404/video/7178596105700003114?lang=en
185,https://www.tiktok.com/@themortgagebawse/video/7356029311968693547?lang=en
186,https://www.tiktok.com/@workhap/video/7037304995624111407?lang=en
187,https://www.tiktok.com/@chrisjr404/video/7180508096463277358?lang=en
188,https://www.tiktok.com/@jessicasinterlude/video/7339433987464531242?lang=en
189,https://www.tiktok.com/@chrisjr404/video/7194186162037099819?lang=en
190,https://www.tiktok.com/@allenvert/video/7328209005619318062?lang=en
191,https://www.tiktok.com/@duolingo/video/7354111341830950187?lang=en
192,https://www.tiktok.com/@workhap/video/7069390066229038382?lang=en
193,https://www.tiktok.com/@alexandros_mile_high/video/7019114072130080005?lang=en
194,https://www.tiktok.com/@chrisjr404/video/7259106691231305002?lang=en
195,https://www.tiktok.com/@ctvnewstoronto/video/7194999593342356742?lang=en
196,https://www.tiktok.com/@zero2sudo/video/7190070723904326955?lang=en
197,https://www.tiktok.com/@bitsandatoms/video/7345959865745034542?lang=en
198,https://www.tiktok.com/@lalaralin/video/7179016447539121450?lang=en
199,https://www.tiktok.com/@stelle.snow/video/6847984036145581317?lang=en
200,https://www.tiktok.com/@linuxluvr/video/7034296003809430830?lang=en
201,https://www.tiktok.com/@incomeoveroutcome/video/7047563013716479279?lang=en
202,https://www.tiktok.com/@anothergirlontiktok/video/6959586602549054726?lang=en
203,https://www.tiktok.com/@mr.softeee/video/7193193851446758699?lang=en
204,https://www.tiktok.com/@dressedforsuccesss/video/7152644496407219462?lang=en
205,https://www.tiktok.com/@its_tilton/video/6947241803166846214?lang=en
206,https://www.tiktok.com/@treasureman/video/7171862648051584302?lang=en
207,https://www.tiktok.com/@sturdythoughts/video/7166217391838465286?lang=en
208,https://www.tiktok.com/@snazzyseagullshop/video/7283189464367729962?lang=en
209,https://www.tiktok.com/@athenachernandez/video/7329329041868197163?lang=en
210,https://www.tiktok.com/@sturdythoughts/video/7153657851578158342?lang=en
211,https://www.tiktok.com/@chrisbychang/video/6914830197762034950?lang=en
212,https://www.tiktok.com/@placitech/video/7186748638637608238?lang=en
213,https://www.tiktok.com/@zero2sudo/video/7156291090105240878?lang=en
214,https://www.tiktok.com/@jontheaux/video/7277273151057317163?lang=en
215,https://www.tiktok.com/@sham.islam/video/7239542800751054126?lang=en
216,https://www.tiktok.com/@conquer.incc/video/7271824289035226375?lang=en
217,https://www.tiktok.com/@zero2sudo/video/7148098685518433582?lang=en
218,https://www.tiktok.com/@andresvidoza/video/6841952766303227141?lang=en
219,https://www.tiktok.com/@michellexcomputer/video/7256972702894820651?lang=en
220,https://www.tiktok.com/@halaltech_/video/7020880244294929670?lang=en
221,https://www.tiktok.com/@codewisdom/video/7270665058038959393?lang=en
222,https://www.tiktok.com/@collegevine/video/7169018298133220654?lang=en
223,https://www.tiktok.com/@caleb_swe/video/7228401254018403627?lang=en
224,https://www.tiktok.com/@eeunoiia0/video/7307666152514260230?lang=en
225,https://www.tiktok.com/@studyforyoubestie/video/7234685932258053419?lang=en
226,https://www.tiktok.com/@sturdythoughts/video/7191415829383204101?lang=en
227,https://www.tiktok.com/@placitech/video/7172619405296143659?lang=en
228,https://www.tiktok.com/@christiandarvs/video/7214357990269406470?lang=en
229,https://www.tiktok.com/@matas_valincius/video/7188634272507399429?lang=en
230,https://www.tiktok.com/@michellexcomputer/video/7254308287179689262?lang=en
231,https://www.tiktok.com/@coder.g/video/7345620234629336362?lang=en
232,https://www.tiktok.com/@bryankazaka/video/7340321006445268254?lang=en
233,https://www.tiktok.com/@collegepoint_advising/video/7255706239319936298?lang=en
234,https://www.tiktok.com/@jessicasinterlude/video/7339433987464531242?lang=en
235,https://www.tiktok.com/@ricelvr13/video/7147499299587329322?lang=en
236,https://www.tiktok.com/@ev.maughan/video/7044711465445756206?lang=en
237,https://www.tiktok.com/@leonsilicon/video/7353978601823358213?lang=en
238,https://www.tiktok.com/@papi.codes/video/7076131262486039854?lang=en
239,https://www.tiktok.com/@allenvert/video/7318960792299244846?lang=en
240,https://www.tiktok.com/@baxate_carter/video/7231606863383498027?lang=en
241,https://www.tiktok.com/@baxate_carter/video/7205286959332298030?lang=en
242,https://www.tiktok.com/@pikacodes/video/7289915246477692166?lang=en
243,https://www.tiktok.com/@saintpbj/video/7333375704190553350?lang=en
244,https://www.tiktok.com/@sidd0ku/video/7297686548156255530?lang=en
245,https://www.tiktok.com/@bashifuirkashi/video/7332927413602635050?lang=en
246,https://www.tiktok.com/@streamerexp/video/7378449005778373918?lang=en
247,https://www.tiktok.com/@thorsadvice/video/7371397625003724064?lang=en
248,https://www.tiktok.com/@_angietoks/video/7141029906670062894?lang=en
249,https://www.tiktok.com/@streamerexp/video/7353545881574034731?lang=en
250,https://www.tiktok.com/@nldoty/video/7205676241272261930?lang=en
251,https://www.tiktok.com/@daredeveloperid/video/7335078118417304838?lang=en
252,https://www.tiktok.com/@chloeexpertdev/video/7329943049855831328?lang=en
253,https://www.tiktok.com/@imaaduddinn/video/7215295051100917034?lang=en
254,https://www.tiktok.com/@bytebart/video/7310147412172016929?lang=en
255,https://www.tiktok.com/@imitationcrab/video/7081056248614964522?lang=en
256,https://www.tiktok.com/@anjali_tewani_/video/7073901271861742890?lang=en
257,https://www.tiktok.com/@thecodeoverflow/video/7208474980730916102?lang=en
258,https://www.tiktok.com/@shanselman/video/6914554721885834501?lang=en
259,https://www.tiktok.com/@aman__kalsi/video/7079877106284465454?lang=en
260,https://www.tiktok.com/@thorsadvice/video/7371860295691685153?lang=en
261,https://www.tiktok.com/@clairestudentlife/video/7356330634148875525?lang=en
262,https://www.tiktok.com/@digitalsamaritan/video/7043083660093869318?lang=en
263,https://www.tiktok.com/@techgirldiary/video/7104410584241769729?lang=en
264,https://www.tiktok.com/@nldoty/video/7215990062348078378?lang=en
265,https://www.tiktok.com/@streamerexp/video/7376934287112768798?lang=en
266,https://www.tiktok.com/@vishal.kal/video/7306277347932507434?lang=en
267,https://www.tiktok.com/@newmoneynate/video/7249479159355870470?lang=en
268,https://www.tiktok.com/@danleonjames/video/7209969968354479365?lang=en
269,https://www.tiktok.com/@streamerexp/video/7348221868727373102?lang=en
270,https://www.tiktok.com/@techgirldiary/video/7225758279924747522?lang=en
271,https://www.tiktok.com/@_whitecloak/video/7380290101953252613?lang=en
272,https://www.tiktok.com/@baxate_carter/video/7206388657731931438?lang=en
273,https://www.tiktok.com/@glich.stream/video/7378515655609355552?lang=en
274,https://www.tiktok.com/@engineering.lead/video/7218203536218131755?lang=en
275,https://www.tiktok.com/@csjackie/video/7240472781656313115?lang=en
276,https://www.tiktok.com/@tiaaskye/video/7099287757511527726?lang=en
277,https://www.tiktok.com/@sidcodes/video/7295859995940277546?lang=en
278,https://www.tiktok.com/@thecodeoverflow/video/7145841870852115717?lang=en
279,https://www.tiktok.com/@streamerexp/video/7364890860770610475?lang=en
280,https://www.tiktok.com/@devcod0/video/7216774782543596806?lang=en
281,https://www.tiktok.com/@lifeattiktok/video/7026549090473233666?lang=en
282,https://www.tiktok.com/@anjali_tewani_/video/7035653932382735621?lang=en
283,https://www.tiktok.com/@archane31/video/7235508425273199878?lang=en
284,https://www.tiktok.com/@streamerexp/video/7364708790647655723?lang=en
285,https://www.tiktok.com/@galactic.greaser/video/7205299649668812038?lang=en
286,https://www.tiktok.com/@nyu_tandon/video/7374519327766154538?lang=en
287,https://www.tiktok.com/@vishal.kal/video/7305483549715565866?lang=en
288,https://www.tiktok.com/@alanabalagot/video/7013472159678876934?lang=en
289,https://www.tiktok.com/@coder.g/video/7345620234629336362?lang=en
290,https://www.tiktok.com/@pinselscience/video/7253213279386979611?lang=en
291,https://www.tiktok.com/@anjali_tewani_/video/7068014138336922927?lang=en
292,https://www.tiktok.com/@nickhoppingcomedy/video/7172995763058773290?lang=en
293,https://www.tiktok.com/@salarytransparentstreet/video/7332924945984523566?lang=en
294,https://www.tiktok.com/@rafaballerini/video/6959280730501434629?lang=en
295,https://www.tiktok.com/@foronered/video/7076122973832236293?lang=en
296,https://www.tiktok.com/@miawl_/video/7194841564898741546?lang=en
297,https://www.tiktok.com/@dpitech/video/7255112171489676587?lang=en
298,https://www.tiktok.com/@erikalmaraz_/video/7212712161041321221?lang=en
299,https://www.tiktok.com/@valentina_tech/video/7333034983801588997?lang=en
300,https://www.tiktok.com/@imancodes/video/7231535531601956098?lang=en
301,https://www.tiktok.com/@milena_dev/video/7190123798136474885?lang=en
302,https://www.tiktok.com/@baxate_carter/video/7216767947136666926?lang=en
303,https://www.tiktok.com/@mycodedmind/video/7066098713185307910?lang=en
304,https://www.tiktok.com/@nanilemons/video/7148924110679199022?lang=en
305,https://www.tiktok.com/@salarytransparentstreet/video/7198325493433650478?lang=en
306,https://www.tiktok.com/@quantixllc/video/7190003017435942149?lang=en
307,https://www.tiktok.com/@maryma98/video/7297956048747662597?lang=en
308,https://www.tiktok.com/@dicoding/video/7215165112934616346?lang=en
309,https://www.tiktok.com/@jessicakirson/video/7259527717278862635?lang=en
310,https://www.tiktok.com/@milena_dev/video/7296965025506282758?lang=en
311,https://www.tiktok.com/@code_chronicles_/video/7175508689430875397?lang=en
312,https://www.tiktok.com/@christiandarvs/video/7214357990269406470?lang=en
313,https://www.tiktok.com/@rafaballerini/video/6977472571436453126?lang=en
314,https://www.tiktok.com/@conniecodes/video/7348169873484205343?lang=en
315,https://www.tiktok.com/@coding_nerd/video/7211534863550270727?lang=en
316,https://www.tiktok.com/@nanilemons/video/7154130428616789294?lang=en
317,https://www.tiktok.com/@narakcode/video/7342160270648724737?lang=en
318,https://www.tiktok.com/@naz_dumanskyy/video/7193062055165906219?lang=en
319,https://www.tiktok.com/@aditya.hicounselor/video/7275191163240385834?lang=en
320,https://www.tiktok.com/@nimay.ndolo/video/7052400683294657839?lang=en
321,https://www.tiktok.com/@christiandarvs/video/7234797775630634245?lang=en
322,https://www.tiktok.com/@jamespotter.io/video/7073530254001736965?lang=en
323,https://www.tiktok.com/@handsensingdrone/video/6940729283816049925?lang=en
324,https://www.tiktok.com/@nanilemons/video/7184966094611074350?lang=en
325,https://www.tiktok.com/@codewisdom/video/7205228957984230661?lang=en
326,https://www.tiktok.com/@valentina_tech/video/7326714504123813125?lang=en
327,https://www.tiktok.com/@turrisystem/video/7288798884099263749?lang=en
328,https://www.tiktok.com/@leonsilicon/video/7361029231997979909?lang=en
329,https://www.tiktok.com/@rita_codes/video/7207807242232483078?lang=en
330,https://www.tiktok.com/@vishal.kal/video/7305483549715565866?lang=en
331,https://www.tiktok.com/@youraveragetechbro/video/6938067043828698374?lang=en
332,https://www.tiktok.com/@nanilemons/video/7151162060938775850?lang=en
333,https://www.tiktok.com/@coder.g/video/7345620234629336362?lang=en
334,https://www.tiktok.com/@liljehu/video/7241676640080776490?lang=en
335,https://www.tiktok.com/@nanilemons/video/7179750789336861995?lang=en
336,https://www.tiktok.com/@beitsolution/video/7234761575003917573?lang=en
337,https://www.tiktok.com/@codewithclaude/video/7135758014979542274?lang=en
338,https://www.tiktok.com/@nickhoppingcomedy/video/7172995763058773290?lang=en
339,https://www.tiktok.com/@salarytransparentstreet/video/7332924945984523566?lang=en
340,https://www.tiktok.com/@devslopes/video/7228689902664256810?lang=en
341,https://www.tiktok.com/@wirilett/video/7205170850775993626?lang=en
342,https://www.tiktok.com/@tancodes/video/7354571243649109290?lang=en
343,https://www.tiktok.com/@youraveragetechbro/video/6946238805137427718?lang=en
344,https://www.tiktok.com/@gazi.ai/video/7126221117487844614?lang=en
345,https://www.tiktok.com/@codewithvincent/video/7030495128334748933?lang=en
346,https://www.tiktok.com/@gazi.ai/video/6976996455257017606?lang=en
347,https://www.tiktok.com/@talaexe/video/7060696636682505478?lang=en
348,https://www.tiktok.com/@sewpheeyuh/video/6886247199915642117?lang=en
349,https://www.tiktok.com/@ericthecoder/video/6975566653400583429?lang=en
350,https://www.tiktok.com/@mattupham/video/6908879899600194821?lang=en
351,https://www.tiktok.com/@jkc_boi/video/6977447454358785285?lang=en
352,https://www.tiktok.com/@christinelnguyen/video/7105839817199652142?lang=en
353,https://www.tiktok.com/@gazi.ai/video/7202419641371725061?lang=en
354,https://www.tiktok.com/@zero2sudo/video/7156291090105240878?lang=en
355,https://www.tiktok.com/@gazi.ai/video/7250214140843724038?lang=en
356,https://www.tiktok.com/@gazi.ai/video/7272508373659274502?lang=en
357,https://www.tiktok.com/@gazi.ai/video/7128917519749975301?lang=en
358,https://www.tiktok.com/@sweintern/video/7183390168504749354?lang=en
359,https://www.tiktok.com/@grandexchange/video/7137287470877805870?lang=en
360,https://www.tiktok.com/@gazi.ai/video/7039472884502367494?lang=en
361,https://www.tiktok.com/@sweintern/video/7324162068096257326?lang=en
362,https://www.tiktok.com/@joebornottob/video/6933384671992581381?lang=en
363,https://www.tiktok.com/@jonnyvine/video/6889069627624705282?lang=en
364,https://www.tiktok.com/@gazi.ai/video/7255293617902849285?lang=en
365,https://www.tiktok.com/@gazi.ai/video/7209052920531193093?lang=en
366,https://www.tiktok.com/@sweintern/video/7214090088270204206?lang=en
367,https://www.tiktok.com/@gazi.ai/video/7166421470187408646?lang=en
368,https://www.tiktok.com/@gazi.ai/video/7203499386373000454?lang=en
369,https://www.tiktok.com/@gazi.ai/video/7148089513850539270?lang=en
370,https://www.tiktok.com/@joeydotdev/video/6980816935449644293?lang=en
371,https://www.tiktok.com/@jkc_boi/video/6987475034860195077?lang=en
372,https://www.tiktok.com/@gazi.ai/video/7223029697570000133?lang=en
373,https://www.tiktok.com/@rishikavinny/video/7087008875282566442?lang=en
374,https://www.tiktok.com/@gazi.ai/video/7093971099293158661?lang=en
375,https://www.tiktok.com/@gazi.ai/video/7119259684736961797?lang=en
376,https://www.tiktok.com/@gazi.ai/video/7253207905686621446?lang=en
377,https://www.tiktok.com/@gazi.ai/video/7001289474214857989?lang=en
378,https://www.tiktok.com/@gazi.ai/video/7365966408141884678?lang=en
379,https://www.tiktok.com/@gazi.ai/video/7129531544879860997?lang=en
380,https://www.tiktok.com/@gazi.ai/video/6933674894676757766?lang=en
381,https://www.tiktok.com/@sweintern/video/7109492539647954219?lang=en
382,https://www.tiktok.com/@sweintern/video/7340665044738329899?lang=en
383,https://www.tiktok.com/@gazi.ai/video/7368678637626952966?lang=en
384,https://www.tiktok.com/@gazi.ai/video/7250974576925068550?lang=en
385,https://www.tiktok.com/@gazi.ai/video/7111118824136527109?lang=en
386,https://www.tiktok.com/@gazi.ai/video/7141589823265049862?lang=en
387,https://www.tiktok.com/@gazi.ai/video/7173718585121000709?lang=en
388,https://www.tiktok.com/@gazi.ai/video/7200164679392496901?lang=en
389,https://www.tiktok.com/@gazi.ai/video/6985345810724588806?lang=en
390,https://www.tiktok.com/@gazi.ai/video/7373067637514865925?lang=en
391,https://www.tiktok.com/@gazi.ai/video/7108798558387670277?lang=en
392,https://www.tiktok.com/@kazytho_/video/7346271937762495787?lang=en
393,https://www.tiktok.com/@yahyabashir49/video/7220827523473493290?lang=en
394,https://www.tiktok.com/@ciitofficial/video/7297232593764879621?lang=en
395,https://www.tiktok.com/@nathan_fang/video/7170939739615382826?lang=en
396,https://www.tiktok.com/@gazi.ai/video/7119259684736961797?lang=en
397,https://www.tiktok.com/@yahyabashir49/video/7187946516101811499?lang=en
398,https://www.tiktok.com/@jamespotter.io/video/7073530254001736965?lang=en
399,https://www.tiktok.com/@geosecured/video/7309576920289529131?lang=en
400,https://www.tiktok.com/@allenvert/video/7255944820181454126?lang=en
401,https://www.tiktok.com/@rasikkaiser/video/7005402295139683590?lang=en
402,https://www.tiktok.com/@thebenjohns/video/6952659358878649606?lang=en
403,https://www.tiktok.com/@www.optimum.college/video/6955151523064171782?lang=en
404,https://www.tiktok.com/@kazytho_/video/7333278106385485099?lang=en
405,https://www.tiktok.com/@andrejarl123/video/7132666359699246362?lang=en
406,https://www.tiktok.com/@nj.umoh/video/7147353801547091243?lang=en
407,https://www.tiktok.com/@kchsu/video/6945068811179592965?lang=en
408,https://www.tiktok.com/@allenvert/video/7255836994289356075?lang=en
409,https://www.tiktok.com/@jahanux/video/7148935642150358278?lang=en
410,https://www.tiktok.com/@ev.maughan/video/7044711465445756206?lang=en
411,https://www.tiktok.com/@sturdythoughts/video/7332953668347530528?lang=en
412,https://www.tiktok.com/@atisen29/video/7151040518682709254?lang=en
413,https://www.tiktok.com/@talaexe/video/6842467360981404933?lang=en
414,https://www.tiktok.com/@thebenjohns/video/6954036999099600133?lang=en
415,https://www.tiktok.com/@collegepoint_advising/video/7255706239319936298?lang=en
416,https://www.tiktok.com/@cleoabram/video/6946196247237627141?lang=en
417,https://www.tiktok.com/@wesley_kiang/video/7209458636979146030?lang=en
418,https://www.tiktok.com/@rasikkaiser/video/7008370529316916486?lang=en
419,https://www.tiktok.com/@nathan_fang/video/7147133351437143338?lang=en
420,https://www.tiktok.com/@gazi.ai/video/7111118824136527109?lang=en
421,https://www.tiktok.com/@nishy4_/video/7148106559325916462?lang=en
422,https://www.tiktok.com/@azimkeshwani/video/7193389977516936490?lang=en
423,https://www.tiktok.com/@mattpuzhitsky/video/7087249719495347461?lang=en
424,https://www.tiktok.com/@winstonhsiao/video/7018727645877652741?lang=en
425,https://www.tiktok.com/@talaexe/video/7035748479204904197?lang=en
426,https://www.tiktok.com/@yahyabashir49/video/7239399556734160174?lang=en
427,https://www.tiktok.com/@azimkeshwani/video/7144113637530045738?lang=en
428,https://www.tiktok.com/@user0292839193/video/7255466841492000043?lang=en
429,https://www.tiktok.com/@hit_the_tuan/video/7033674978511899905?lang=en
430,https://www.tiktok.com/@alexisdenisew/video/6838434358647377157?lang=en
431,https://www.tiktok.com/@vintagepast/video/7142214750854827306?lang=en
432,https://www.tiktok.com/@andreww_mckenna/video/7271055351791897899?lang=en
433,https://www.tiktok.com/@gazi.ai/video/7373067637514865925?lang=en
434,https://www.tiktok.com/@tomlumperson/video/6971918220039032069?lang=en
435,https://www.tiktok.com/@tomlumperson/video/6961929354678963462?lang=en
436,https://www.tiktok.com/@wesley_kiang/video/7209458636979146030?lang=en
437,https://www.tiktok.com/@valentina_tech/video/7339977883634502917?lang=en
438,https://www.tiktok.com/@misodope/video/7070000046019824939?lang=en
439,https://www.tiktok.com/@codewisdom/video/7251274681980898586?lang=en
440,https://www.tiktok.com/@papi.codes/video/7076131262486039854?lang=en
441,https://www.tiktok.com/@techroastshow/video/7299845315950021931?lang=en
442,https://www.tiktok.com/@youraveragetechbro/video/6978573028124855558?lang=en
443,https://www.tiktok.com/@codewisdom/video/7190354660631301382?lang=en
444,https://www.tiktok.com/@techcringe/video/7145305814624914734?lang=en
445,https://www.tiktok.com/@iamglib/video/7172273890725612806?lang=en
446,https://www.tiktok.com/@codewithclaude/video/7278725349440032008?lang=en
447,https://www.tiktok.com/@misodope/video/6907746134832303366?lang=en
448,https://www.tiktok.com/@nickhoppingcomedy/video/7172995763058773290?lang=en
449,https://www.tiktok.com/@baxate_carter/video/7231606863383498027?lang=en
450,https://www.tiktok.com/@maisyleighs/video/7023027452767177990?lang=en
451,https://www.tiktok.com/@valentina_tech/video/7339619444580158725?lang=en
452,https://www.tiktok.com/@salarytransparentstreet/video/7332924945984523566?lang=en
453,https://www.tiktok.com/@nanilemons/video/7180941023168810286?lang=en
454,https://www.tiktok.com/@codewithclaude/video/7332945244427767048?lang=en
455,https://www.tiktok.com/@jaykimchung/video/7271012581035281710?lang=en
456,https://www.tiktok.com/@misodope/video/6978974158092848389?lang=en
457,https://www.tiktok.com/@colethesciencedude/video/7078164736591826218?lang=en
458,https://www.tiktok.com/@devslopes/video/7128755480167501098?lang=en
459,https://www.tiktok.com/@youraveragetechbro/video/7014151036239695109?lang=en
460,https://www.tiktok.com/@gyasilinje/video/7197220154420268331?lang=en
461,https://www.tiktok.com/@dan..mbae/video/7352974498171194629?lang=en
462,https://www.tiktok.com/@devslopes/video/7228689902664256810?lang=en
463,https://www.tiktok.com/@benswolfson/video/7296966898732764458?lang=en
464,https://www.tiktok.com/@ammmmy11/video/6990902265070505222?lang=en
465,https://www.tiktok.com/@devslopes/video/7218250962895457578?lang=en
466,https://www.tiktok.com/@enthus.io/video/6859305680793357574?lang=en
467,https://www.tiktok.com/@americanincome/video/7254734915617557803?lang=en
468,https://www.tiktok.com/@valentina_tech/video/7316170881942686982?lang=en
469,https://www.tiktok.com/@misodope/video/7140053618383883566?lang=en
470,https://www.tiktok.com/@otromasdesistemas/video/7252302403721006342?lang=en
471,https://www.tiktok.com/@taj_nicole/video/7351847063895756075?lang=en
472,https://www.tiktok.com/@ans.py/video/7229853494910405894?lang=en
473,https://www.tiktok.com/@baxate_carter/video/7261669705226685738?lang=en
474,https://www.tiktok.com/@devslopes/video/7160729518662012202?lang=en
475,https://www.tiktok.com/@klev.lb/video/7264617298454007058?lang=en
476,https://www.tiktok.com/@mulaicoding/video/7197685409634077994?lang=en
477,https://www.tiktok.com/@tancodes/video/7354571243649109290?lang=en
478,https://www.tiktok.com/@youraveragetechbro/video/6946238805137427718?lang=en
479,https://www.tiktok.com/@maria.martinez107/video/7155927084563500294?lang=en
480,https://www.tiktok.com/@misodope/video/7170450836525550890?lang=en
481,https://www.tiktok.com/@devslopes/video/7131549441537969454?lang=en
482,https://www.tiktok.com/@valentina_tech/video/7319966768380841221?lang=en
483,https://www.tiktok.com/@wirilett/video/7212216002128432411?lang=en
484,https://www.tiktok.com/@learnwithneelima/video/7022677580201413893?lang=en
485,https://www.tiktok.com/@lunablackh/video/7104488069834870021?lang=en
486,https://www.tiktok.com/@gazi.ai/video/7373067637514865925?lang=en
487,https://www.tiktok.com/@hit_the_tuan/video/7033674978511899905?lang=en
488,https://www.tiktok.com/@aivideolab/photo/7306389412449930539?lang=en
489,https://www.tiktok.com/@singing.ball/video/7359629047204203808?lang=en
490,https://www.tiktok.com/@misodope/video/7140053618383883566?lang=en
491,https://www.tiktok.com/@howtousegpt/video/7212200110078446853?lang=en
492,https://www.tiktok.com/@web_balls/video/7366725886671916320?lang=en
493,https://www.tiktok.com/@fascinating.fractals/video/7162517591280422149?lang=en
494,https://www.tiktok.com/@bouncing_ball5/video/7348966562239450376?lang=en
495,https://www.tiktok.com/@thephdstudent/video/7253124789403929882?lang=en
496,https://www.tiktok.com/@android_infosecurity/video/7183676672426659078?lang=en
497,https://www.tiktok.com/@bouncing_ball5/video/7318472496892611848?lang=en
498,https://www.tiktok.com/@justwolow/video/6863111062133247237?lang=en
499,https://www.tiktok.com/@sonia_shlahtiina/video/7268600797296921857?lang=en
500,https://www.tiktok.com/@devslopes/video/7160729518662012202?lang=en
501,https://www.tiktok.com/@enginesoffury/video/7166503331014167813?lang=en
502,https://www.tiktok.com/@mulaicoding/video/7197685409634077994?lang=en
503,https://www.tiktok.com/@tancodes/video/7354571243649109290?lang=en
504,https://www.tiktok.com/@mewtru/video/7331103574623096107?lang=en
505,https://www.tiktok.com/@youraveragetechbro/video/6946238805137427718?lang=en
506,https://www.tiktok.com/@saintpbj/video/7333375704190553350?lang=en
507,https://www.tiktok.com/@devslopes/video/7039457589788347694?lang=en
508,https://www.tiktok.com/@youdotcom/video/7174138621270707502?lang=en
509,https://www.tiktok.com/@misodope/video/7170450836525550890?lang=en
510,https://www.tiktok.com/@adhd.traps/video/7305371005109767457?lang=en
511,https://www.tiktok.com/@satisfying.shapees/video/7317073298012015915?lang=en
512,https://www.tiktok.com/@kumaslaps/video/7375064403743411502?lang=en
513,https://www.tiktok.com/@hoppuman/video/6855057845633764613?lang=en
514,https://www.tiktok.com/@westlogo/video/7260177681033989422?lang=en
515,https://www.tiktok.com/@encodedmabel/video/7333709373283355910?lang=en
516,https://www.tiktok.com/@agenomicsphd/video/7234120460907154714?lang=en
517,https://www.tiktok.com/@kamuicosplay/video/7004511415851568389?lang=en
518,https://www.tiktok.com/@cocktailchemist/video/7186683776741821702?lang=en
519,https://www.tiktok.com/@codewithclaude/video/7028689236169657601?lang=en
520,https://www.tiktok.com/@bouncing_ba11s/video/7298905329813687594?lang=en
521,https://www.tiktok.com/@gazi.ai/video/6985345810724588806?lang=en
522,https://www.tiktok.com/@jomaoppa/video/7085420569780440366?lang=en
523,https://www.tiktok.com/@rey.nbows/video/6830194344994082054?lang=en
524,https://www.tiktok.com/@clay.coding/video/6970871827807669509?lang=en
525,https://www.tiktok.com/@satisfying.shapees/video/7317841249271074090?lang=en
526,https://www.tiktok.com/@gazi.ai/video/7108798558387670277?lang=en
527,https://www.tiktok.com/@satisfied.shapes/video/7329664878237519146?lang=en
528,https://www.tiktok.com/@bouncing_ba11s/video/7296699396585114926?lang=en
529,https://www.tiktok.com/@bouncing_ba11s/video/7302833471381163310?lang=en
530,https://www.tiktok.com/@plip.works/video/6980072756507380998?lang=en
531,https://www.tiktok.com/@bouncing_ba11s/video/7297084875926981931?lang=en
532,https://www.tiktok.com/@andresqueee/video/7145031077021715738?lang=en
533,https://www.tiktok.com/@satisfying.ball5/video/7377108351206968608?lang=en
534,https://www.tiktok.com/@aivideolab/photo/7306300587790961963?lang=en
535,https://www.tiktok.com/@satisfied.shapes/video/7301842238571547947?lang=en
536,https://www.tiktok.com/@bouncing_ba11s/video/7303981242297486634?lang=en
537,https://www.tiktok.com/@bouncing_ball5/video/7324462626082229512?lang=en
538,https://www.tiktok.com/@bouncing_ball5/video/7331113792216124690?lang=en
539,https://www.tiktok.com/@zak.the.engineer/video/7346303372640783658?lang=en
540,https://www.tiktok.com/@ricelvr13/video/7147499299587329322?lang=en
541,https://www.tiktok.com/@mamiemiily/video/7055458103286009135?lang=en
542,https://www.tiktok.com/@bouncing_ba11s/video/7302508186760842542?lang=en
543,https://www.tiktok.com/@devslopes/video/7228689902664256810?lang=en
544,https://www.tiktok.com/@bouncing_ball5/video/7325178375138561287?lang=en
545,https://www.tiktok.com/@theannalytical/video/6935777673520123141?lang=en
546,https://www.tiktok.com/@zahra/video/6963822951414254853?lang=en
547,https://www.tiktok.com/@anikaputriii/video/7184822857623489818?lang=en
548,https://www.tiktok.com/@bouncing_ba11s/video/7304403877946903854?lang=en
549,https://www.tiktok.com/@codewith_dawood7/video/7212622350922026267?lang=en
550,https://www.tiktok.com/@gazi.ai/video/6968227688532282629?lang=en
551,https://www.tiktok.com/@azimkeshwani/video/7144113637530045738?lang=en
552,https://www.tiktok.com/@enthus.io/video/6859305680793357574?lang=en
553,https://www.tiktok.com/@hit_the_tuan/video/7033674978511899905?lang=en
554,https://www.tiktok.com/@aivideolab/photo/7306389412449930539?lang=en
555,https://www.tiktok.com/@conodyfookwire/video/7277665682727111967?lang=en
556,https://www.tiktok.com/@techwithki/video/7083493619595742507?lang=en
557,https://www.tiktok.com/@keyanthegreat/video/7153405065749974318?lang=en
558,https://www.tiktok.com/@bouncing_ball5/video/7348966562239450376?lang=en
559,https://www.tiktok.com/@vintagepast/video/7142214750854827306?lang=en
560,https://www.tiktok.com/@user739238657577246/video/7288982769928015147?lang=en
561,https://www.tiktok.com/@codewithclaude/video/7288017667959622920?lang=en
562,https://www.tiktok.com/@strawlrus/video/7137090160251948331?lang=en
563,https://www.tiktok.com/@bouncing_ball5/video/7318472496892611848?lang=en
564,https://www.tiktok.com/@raspberrypiii/video/7144591486426877210?lang=en
565,https://www.tiktok.com/@devslopes/video/7160729518662012202?lang=en
566,https://www.tiktok.com/@googletheworld/video/7285594767524728107?lang=en
567,https://www.tiktok.com/@tancodes/video/7354571243649109290?lang=en
568,https://www.tiktok.com/@devslopes/video/7039457589788347694?lang=en
569,https://www.tiktok.com/@ellasstudy/video/7051666881161268526?lang=en
570,https://www.tiktok.com/@alister.shirazi/video/6963688466794155270?lang=en
571,https://www.tiktok.com/@muhtanya/video/7044648696939547950?lang=en
572,https://www.tiktok.com/@talaexe/video/6868468214196604166?lang=en
573,https://www.tiktok.com/@engineer2educator/video/7203989343390764330?lang=en
574,https://www.tiktok.com/@adhd.traps/video/7305371005109767457?lang=en
575,https://www.tiktok.com/@satisfying.shapees/video/7317073298012015915?lang=en
576,https://www.tiktok.com/@zak.the.engineer/video/7216486984301464878?lang=en
577,https://www.tiktok.com/@devslopes/video/7052049923835006214?lang=en
578,https://www.tiktok.com/@young.lina1/video/7029978812045675777?lang=en
579,https://www.tiktok.com/@learnwithneelima/video/7022677580201413893?lang=en
580,https://www.tiktok.com/@bouncing_ba11s/video/7298905329813687594?lang=en
581,https://www.tiktok.com/@andreww_mckenna/video/7271055351791897899?lang=en
582,https://www.tiktok.com/@gazi.ai/video/6985345810724588806?lang=en
583,https://www.tiktok.com/@jomaoppa/video/7085420569780440366?lang=en
584,https://www.tiktok.com/@satisfying.shapees/video/7317841249271074090?lang=en
585,https://www.tiktok.com/@devslopes/video/7054004522124922118?lang=en
586,https://www.tiktok.com/@gazi.ai/video/7108798558387670277?lang=en
